{"K": [[3328.164596894952, 0.0, 1493.9500363035363], [0.0, 3330.165783680606, 1957.0979194405602], [0.0, 0.0, 1.0]], "D": [[0.49376020726799297], [1.0037989015611595], [-20.070933395650226], [70.27063920049748]]}